"filename", "language", "C++", "Shell Script", "Python", "Markdown", "CMake", "YAML", "Docker", "XMake", "comment", "blank", "total"
"/home/paradise/tiny-lsm/README.md", "Markdown", 0, 0, 0, 1, 0, 0, 0, 0, 0, 1, 2
"/home/paradise/tiny-lsm/Readme.md", "Markdown", 0, 0, 0, 189, 0, 0, 0, 0, 0, 48, 237
"/home/paradise/tiny-lsm/example/debug.cpp", "C++", 9, 0, 0, 0, 0, 0, 0, 0, 1, 2, 12
"/home/paradise/tiny-lsm/example/main.cpp", "C++", 43, 0, 0, 0, 0, 0, 0, 0, 8, 11, 62
"/home/paradise/tiny-lsm/include/block/block.h", "C++", 57, 0, 0, 0, 0, 0, 0, 0, 20, 14, 91
"/home/paradise/tiny-lsm/include/block/block_cache.h", "C++", 53, 0, 0, 0, 0, 0, 0, 0, 11, 14, 78
"/home/paradise/tiny-lsm/include/block/block_iterator.h", "C++", 39, 0, 0, 0, 0, 0, 0, 0, 5, 8, 52
"/home/paradise/tiny-lsm/include/block/blockmeta.h", "C++", 21, 0, 0, 0, 0, 0, 0, 0, 23, 5, 49
"/home/paradise/tiny-lsm/include/config/config.h", "C++", 49, 0, 0, 0, 0, 0, 0, 0, 13, 18, 80
"/home/paradise/tiny-lsm/include/consts.h", "C++", 19, 0, 0, 0, 0, 0, 0, 0, 7, 8, 34
"/home/paradise/tiny-lsm/include/iterator/iterator.h", "C++", 75, 0, 0, 0, 0, 0, 0, 0, 3, 15, 93
"/home/paradise/tiny-lsm/include/logger/logger.h", "C++", 6, 0, 0, 0, 0, 0, 0, 0, 0, 4, 10
"/home/paradise/tiny-lsm/include/lsm/compact.h", "C++", 6, 0, 0, 0, 0, 0, 0, 0, 0, 2, 8
"/home/paradise/tiny-lsm/include/lsm/engine.h", "C++", 93, 0, 0, 0, 0, 0, 0, 0, 3, 25, 121
"/home/paradise/tiny-lsm/include/lsm/level_iterator.h", "C++", 33, 0, 0, 0, 0, 0, 0, 0, 0, 7, 40
"/home/paradise/tiny-lsm/include/lsm/transaction.h", "C++", 79, 0, 0, 0, 0, 0, 0, 0, 3, 18, 100
"/home/paradise/tiny-lsm/include/lsm/two_merge_iterator.h", "C++", 31, 0, 0, 0, 0, 0, 0, 0, 1, 8, 40
"/home/paradise/tiny-lsm/include/memtable/memtable.h", "C++", 64, 0, 0, 0, 0, 0, 0, 0, 0, 16, 80
"/home/paradise/tiny-lsm/include/redis_wrapper/redis_wrapper.h", "C++", 87, 0, 0, 0, 0, 0, 0, 0, 12, 11, 110
"/home/paradise/tiny-lsm/include/skiplist/skiplist.h", "C++", 99, 0, 0, 0, 0, 0, 0, 0, 26, 27, 152
"/home/paradise/tiny-lsm/include/sst/concact_iterator.h", "C++", 27, 0, 0, 0, 0, 0, 0, 0, 0, 7, 34
"/home/paradise/tiny-lsm/include/sst/sst.h", "C++", 73, 0, 0, 0, 0, 0, 0, 0, 36, 19, 128
"/home/paradise/tiny-lsm/include/sst/sst_iterator.h", "C++", 53, 0, 0, 0, 0, 0, 0, 0, 3, 13, 69
"/home/paradise/tiny-lsm/include/toml.hpp", "C++", 36, 0, 0, 0, 0, 0, 0, 0, 23, 4, 63
"/home/paradise/tiny-lsm/include/toml11/color.hpp", "C++", 7, 0, 0, 0, 0, 0, 0, 0, 0, 4, 11
"/home/paradise/tiny-lsm/include/toml11/comments.hpp", "C++", 7, 0, 0, 0, 0, 0, 0, 0, 0, 4, 11
"/home/paradise/tiny-lsm/include/toml11/compat.hpp", "C++", 680, 0, 0, 0, 0, 0, 0, 0, 23, 156, 859
"/home/paradise/tiny-lsm/include/toml11/context.hpp", "C++", 58, 0, 0, 0, 0, 0, 0, 0, 0, 17, 75
"/home/paradise/tiny-lsm/include/toml11/conversion.hpp", "C++", 158, 0, 0, 0, 0, 0, 0, 0, 23, 32, 213
"/home/paradise/tiny-lsm/include/toml11/datetime.hpp", "C++", 7, 0, 0, 0, 0, 0, 0, 0, 0, 4, 11
"/home/paradise/tiny-lsm/include/toml11/error_info.hpp", "C++", 7, 0, 0, 0, 0, 0, 0, 0, 0, 4, 11
"/home/paradise/tiny-lsm/include/toml11/exception.hpp", "C++", 17, 0, 0, 0, 0, 0, 0, 0, 0, 6, 23
"/home/paradise/tiny-lsm/include/toml11/find.hpp", "C++", 504, 0, 0, 0, 0, 0, 0, 0, 34, 55, 593
"/home/paradise/tiny-lsm/include/toml11/format.hpp", "C++", 7, 0, 0, 0, 0, 0, 0, 0, 0, 4, 11
"/home/paradise/tiny-lsm/include/toml11/from.hpp", "C++", 12, 0, 0, 0, 0, 0, 0, 0, 6, 4, 22
"/home/paradise/tiny-lsm/include/toml11/fwd/color_fwd.hpp", "C++", 76, 0, 0, 0, 0, 0, 0, 0, 2, 16, 94
"/home/paradise/tiny-lsm/include/toml11/fwd/comments_fwd.hpp", "C++", 345, 0, 0, 0, 0, 0, 0, 0, 39, 71, 455
"/home/paradise/tiny-lsm/include/toml11/fwd/datetime_fwd.hpp", "C++", 208, 0, 0, 0, 0, 0, 0, 0, 6, 53, 267
"/home/paradise/tiny-lsm/include/toml11/fwd/error_info_fwd.hpp", "C++", 78, 0, 0, 0, 0, 0, 0, 0, 3, 21, 102
"/home/paradise/tiny-lsm/include/toml11/fwd/format_fwd.hpp", "C++", 184, 0, 0, 0, 0, 0, 0, 0, 19, 53, 256
"/home/paradise/tiny-lsm/include/toml11/fwd/literal_fwd.hpp", "C++", 26, 0, 0, 0, 0, 0, 0, 0, 3, 8, 37
"/home/paradise/tiny-lsm/include/toml11/fwd/location_fwd.hpp", "C++", 118, 0, 0, 0, 0, 0, 0, 0, 4, 32, 154
"/home/paradise/tiny-lsm/include/toml11/fwd/region_fwd.hpp", "C++", 81, 0, 0, 0, 0, 0, 0, 0, 8, 26, 115
"/home/paradise/tiny-lsm/include/toml11/fwd/scanner_fwd.hpp", "C++", 253, 0, 0, 0, 0, 0, 0, 0, 12, 106, 371
"/home/paradise/tiny-lsm/include/toml11/fwd/source_location_fwd.hpp", "C++", 93, 0, 0, 0, 0, 0, 0, 0, 30, 30, 153
"/home/paradise/tiny-lsm/include/toml11/fwd/syntax_fwd.hpp", "C++", 285, 0, 0, 0, 0, 0, 0, 0, 31, 104, 420
"/home/paradise/tiny-lsm/include/toml11/fwd/value_t_fwd.hpp", "C++", 94, 0, 0, 0, 0, 0, 0, 0, 5, 23, 122
"/home/paradise/tiny-lsm/include/toml11/get.hpp", "C++", 490, 0, 0, 0, 0, 0, 0, 0, 85, 81, 656
"/home/paradise/tiny-lsm/include/toml11/impl/color_impl.hpp", "C++", 73, 0, 0, 0, 0, 0, 0, 0, 1, 6, 80
"/home/paradise/tiny-lsm/include/toml11/impl/comments_impl.hpp", "C++", 44, 0, 0, 0, 0, 0, 0, 0, 0, 7, 51
"/home/paradise/tiny-lsm/include/toml11/impl/datetime_impl.hpp", "C++", 436, 0, 0, 0, 0, 0, 0, 0, 34, 52, 522
"/home/paradise/tiny-lsm/include/toml11/impl/error_info_impl.hpp", "C++", 65, 0, 0, 0, 0, 0, 0, 0, 0, 15, 80
"/home/paradise/tiny-lsm/include/toml11/impl/format_impl.hpp", "C++", 256, 0, 0, 0, 0, 0, 0, 0, 15, 30, 301
"/home/paradise/tiny-lsm/include/toml11/impl/literal_impl.hpp", "C++", 127, 0, 0, 0, 0, 0, 0, 0, 30, 22, 179
"/home/paradise/tiny-lsm/include/toml11/impl/location_impl.hpp", "C++", 188, 0, 0, 0, 0, 0, 0, 0, 0, 25, 213
"/home/paradise/tiny-lsm/include/toml11/impl/region_impl.hpp", "C++", 186, 0, 0, 0, 0, 0, 0, 0, 34, 31, 251
"/home/paradise/tiny-lsm/include/toml11/impl/scanner_impl.hpp", "C++", 402, 0, 0, 0, 0, 0, 0, 0, 16, 59, 477
"/home/paradise/tiny-lsm/include/toml11/impl/source_location_impl.hpp", "C++", 184, 0, 0, 0, 0, 0, 0, 0, 7, 25, 216
"/home/paradise/tiny-lsm/include/toml11/impl/syntax_impl.hpp", "C++", 746, 0, 0, 0, 0, 0, 0, 0, 57, 91, 894
"/home/paradise/tiny-lsm/include/toml11/impl/value_t_impl.hpp", "C++", 38, 0, 0, 0, 0, 0, 0, 0, 0, 7, 45
"/home/paradise/tiny-lsm/include/toml11/into.hpp", "C++", 12, 0, 0, 0, 0, 0, 0, 0, 6, 4, 22
"/home/paradise/tiny-lsm/include/toml11/literal.hpp", "C++", 7, 0, 0, 0, 0, 0, 0, 0, 0, 4, 11
"/home/paradise/tiny-lsm/include/toml11/location.hpp", "C++", 7, 0, 0, 0, 0, 0, 0, 0, 0, 4, 11
"/home/paradise/tiny-lsm/include/toml11/ordered_map.hpp", "C++", 260, 0, 0, 0, 0, 0, 0, 0, 0, 37, 297
"/home/paradise/tiny-lsm/include/toml11/parser.hpp", "C++", 2983, 0, 0, 0, 0, 0, 0, 0, 414, 442, 3839
"/home/paradise/tiny-lsm/include/toml11/region.hpp", "C++", 7, 0, 0, 0, 0, 0, 0, 0, 0, 4, 11
"/home/paradise/tiny-lsm/include/toml11/result.hpp", "C++", 411, 0, 0, 0, 0, 0, 0, 0, 9, 71, 491
"/home/paradise/tiny-lsm/include/toml11/scanner.hpp", "C++", 7, 0, 0, 0, 0, 0, 0, 0, 0, 4, 11
"/home/paradise/tiny-lsm/include/toml11/serializer.hpp", "C++", 1136, 0, 0, 0, 0, 0, 0, 0, 45, 102, 1283
"/home/paradise/tiny-lsm/include/toml11/skip.hpp", "C++", 348, 0, 0, 0, 0, 0, 0, 0, 26, 26, 400
"/home/paradise/tiny-lsm/include/toml11/source_location.hpp", "C++", 7, 0, 0, 0, 0, 0, 0, 0, 0, 4, 11
"/home/paradise/tiny-lsm/include/toml11/spec.hpp", "C++", 153, 0, 0, 0, 0, 0, 0, 0, 2, 20, 175
"/home/paradise/tiny-lsm/include/toml11/storage.hpp", "C++", 33, 0, 0, 0, 0, 0, 0, 0, 10, 11, 54
"/home/paradise/tiny-lsm/include/toml11/syntax.hpp", "C++", 7, 0, 0, 0, 0, 0, 0, 0, 0, 4, 11
"/home/paradise/tiny-lsm/include/toml11/traits.hpp", "C++", 229, 0, 0, 0, 0, 0, 0, 0, 6, 36, 271
"/home/paradise/tiny-lsm/include/toml11/types.hpp", "C++", 324, 0, 0, 0, 0, 0, 0, 0, 13, 45, 382
"/home/paradise/tiny-lsm/include/toml11/utility.hpp", "C++", 147, 0, 0, 0, 0, 0, 0, 0, 7, 21, 175
"/home/paradise/tiny-lsm/include/toml11/value.hpp", "C++", 2245, 0, 0, 0, 0, 0, 0, 0, 85, 184, 2514
"/home/paradise/tiny-lsm/include/toml11/value_t.hpp", "C++", 7, 0, 0, 0, 0, 0, 0, 0, 0, 4, 11
"/home/paradise/tiny-lsm/include/toml11/version.hpp", "C++", 94, 0, 0, 0, 0, 0, 0, 0, 22, 28, 144
"/home/paradise/tiny-lsm/include/toml11/visit.hpp", "C++", 123, 0, 0, 0, 0, 0, 0, 0, 0, 18, 141
"/home/paradise/tiny-lsm/include/toml_fwd.hpp", "C++", 69, 0, 0, 0, 0, 0, 0, 0, 2, 21, 92
"/home/paradise/tiny-lsm/include/utils/bloom_filter.h", "C++", 30, 0, 0, 0, 0, 0, 0, 0, 14, 13, 57
"/home/paradise/tiny-lsm/include/utils/files.h", "C++", 36, 0, 0, 0, 0, 0, 0, 0, 14, 20, 70
"/home/paradise/tiny-lsm/include/utils/mmap_file.h", "C++", 32, 0, 0, 0, 0, 0, 0, 0, 10, 14, 56
"/home/paradise/tiny-lsm/include/utils/std_file.h", "C++", 28, 0, 0, 0, 0, 0, 0, 0, 8, 12, 48
"/home/paradise/tiny-lsm/include/wal/record.h", "C++", 41, 0, 0, 0, 0, 0, 0, 0, 6, 12, 59
"/home/paradise/tiny-lsm/include/wal/wal.h", "C++", 36, 0, 0, 0, 0, 0, 0, 0, 3, 9, 48
"/home/paradise/tiny-lsm/sdk/build_python_sdk.sh", "Shell Script", 0, 7, 0, 0, 0, 0, 0, 0, 1, 3, 11
"/home/paradise/tiny-lsm/sdk/lsm_pybind.cpp", "C++", 71, 0, 0, 0, 0, 0, 0, 0, 11, 10, 92
"/home/paradise/tiny-lsm/sdk/test_sdk.py", "Python", 0, 0, 11, 0, 0, 0, 0, 0, 6, 11, 28
"/home/paradise/tiny-lsm/sdk/tonilsm/setup.py", "Python", 0, 0, 45, 0, 0, 0, 0, 0, 5, 7, 57
"/home/paradise/tiny-lsm/sdk/tonilsm/tonilsm/__init__.py", "Python", 0, 0, 2, 0, 0, 0, 0, 0, 1, 2, 5
"/home/paradise/tiny-lsm/sdk/tonilsm/tonilsm/core/__init__.py", "Python", 0, 0, 25, 0, 0, 0, 0, 0, 3, 7, 35
"/home/paradise/tiny-lsm/sdk/tonilsm/tonilsm/core/__init__.pyi", "Python", 0, 0, 57, 0, 0, 0, 0, 0, 8, 31, 96
"/home/paradise/tiny-lsm/server/include/handler.h", "C++", 81, 0, 0, 0, 0, 0, 0, 0, 13, 15, 109
"/home/paradise/tiny-lsm/server/src/handler.cpp", "C++", 258, 0, 0, 0, 0, 0, 0, 0, 8, 47, 313
"/home/paradise/tiny-lsm/server/src/server.cpp", "C++", 136, 0, 0, 0, 0, 0, 0, 0, 15, 20, 171
"/home/paradise/tiny-lsm/src/block/block.cpp", "C++", 296, 0, 0, 0, 0, 0, 0, 0, 73, 89, 458
"/home/paradise/tiny-lsm/src/block/block_cache.cpp", "C++", 72, 0, 0, 0, 0, 0, 0, 0, 13, 17, 102
"/home/paradise/tiny-lsm/src/block/block_iterator.cpp", "C++", 98, 0, 0, 0, 0, 0, 0, 0, 30, 29, 157
"/home/paradise/tiny-lsm/src/block/blockmeta.cpp", "C++", 92, 0, 0, 0, 0, 0, 0, 0, 22, 31, 145
"/home/paradise/tiny-lsm/src/config/config.cpp", "C++", 185, 0, 0, 0, 0, 0, 0, 0, 31, 38, 254
"/home/paradise/tiny-lsm/src/iterator/iterator.cpp", "C++", 133, 0, 0, 0, 0, 0, 0, 0, 46, 41, 220
"/home/paradise/tiny-lsm/src/logger/logger.cpp", "C++", 20, 0, 0, 0, 0, 0, 0, 0, 2, 6, 28
"/home/paradise/tiny-lsm/src/lsm/RESP.md", "Markdown", 0, 0, 0, 367, 0, 0, 0, 0, 0, 53, 420
"/home/paradise/tiny-lsm/src/lsm/engine.cpp", "C++", 606, 0, 0, 0, 0, 0, 0, 0, 124, 124, 854
"/home/paradise/tiny-lsm/src/lsm/level_iterator.cpp", "C++", 148, 0, 0, 0, 0, 0, 0, 0, 23, 18, 189
"/home/paradise/tiny-lsm/src/lsm/transation.cpp", "C++", 91, 0, 0, 0, 0, 0, 0, 0, 23, 26, 140
"/home/paradise/tiny-lsm/src/lsm/two_merge_iterator.cpp", "C++", 112, 0, 0, 0, 0, 0, 0, 0, 9, 17, 138
"/home/paradise/tiny-lsm/src/memtable/memtable.cpp", "C++", 360, 0, 0, 0, 0, 0, 0, 0, 80, 91, 531
"/home/paradise/tiny-lsm/src/redis_wrapper/redis_wrapper.cpp", "C++", 232, 0, 0, 0, 0, 0, 0, 0, 64, 57, 353
"/home/paradise/tiny-lsm/src/skiplist/skipList.cpp", "C++", 307, 0, 0, 0, 0, 0, 0, 0, 120, 79, 506
"/home/paradise/tiny-lsm/src/sst/concact_iterator.cpp", "C++", 51, 0, 0, 0, 0, 0, 0, 0, 7, 15, 73
"/home/paradise/tiny-lsm/src/sst/sst.cpp", "C++", 219, 0, 0, 0, 0, 0, 0, 0, 59, 72, 350
"/home/paradise/tiny-lsm/src/sst/sst_iterator.cpp", "C++", 183, 0, 0, 0, 0, 0, 0, 0, 20, 32, 235
"/home/paradise/tiny-lsm/src/utils/bloom_filter.cpp", "C++", 111, 0, 0, 0, 0, 0, 0, 0, 29, 29, 169
"/home/paradise/tiny-lsm/src/utils/files.cpp", "C++", 85, 0, 0, 0, 0, 0, 0, 0, 20, 31, 136
"/home/paradise/tiny-lsm/src/utils/mmap_file.cpp", "C++", 103, 0, 0, 0, 0, 0, 0, 0, 18, 24, 145
"/home/paradise/tiny-lsm/src/utils/std_file.cpp", "C++", 53, 0, 0, 0, 0, 0, 0, 0, 1, 12, 66
"/home/paradise/tiny-lsm/src/wal/record.cpp", "C++", 48, 0, 0, 0, 0, 0, 0, 0, 11, 10, 69
"/home/paradise/tiny-lsm/src/wal/wal.cpp", "C++", 24, 0, 0, 0, 0, 0, 0, 0, 10, 9, 43
"/home/paradise/tiny-lsm/test/test_block.cpp", "C++", 302, 0, 0, 0, 0, 0, 0, 0, 48, 70, 420
"/home/paradise/tiny-lsm/test/test_block_cache.cpp", "C++", 73, 0, 0, 0, 0, 0, 0, 0, 7, 23, 103
"/home/paradise/tiny-lsm/test/test_blockmeta.cpp", "C++", 116, 0, 0, 0, 0, 0, 0, 0, 26, 31, 173
"/home/paradise/tiny-lsm/test/test_compact.cpp", "C++", 70, 0, 0, 0, 0, 0, 0, 0, 5, 10, 85
"/home/paradise/tiny-lsm/test/test_config.cpp", "C++", 13, 0, 0, 0, 0, 0, 0, 0, 2, 4, 19
"/home/paradise/tiny-lsm/test/test_lsm.cpp", "C++", 244, 0, 0, 0, 0, 0, 0, 0, 39, 59, 342
"/home/paradise/tiny-lsm/test/test_memtable.cpp", "C++", 374, 0, 0, 0, 0, 0, 0, 0, 82, 101, 557
"/home/paradise/tiny-lsm/test/test_redis.cpp", "C++", 222, 0, 0, 0, 0, 0, 0, 0, 46, 71, 339
"/home/paradise/tiny-lsm/test/test_skiplist.cpp", "C++", 244, 0, 0, 0, 0, 0, 0, 0, 167, 83, 494
"/home/paradise/tiny-lsm/test/test_sst.cpp", "C++", 172, 0, 0, 0, 0, 0, 0, 0, 35, 42, 249
"/home/paradise/tiny-lsm/test/test_utils.cpp", "C++", 56, 0, 0, 0, 0, 0, 0, 0, 89, 34, 179
"/home/paradise/tiny-lsm/test/test_wal.cpp", "C++", 124, 0, 0, 0, 0, 0, 0, 0, 14, 26, 164
"/home/paradise/tiny-lsm/toml11/.clusterfuzzlite/Dockerfile", "Docker", 0, 0, 0, 0, 0, 0, 5, 0, 0, 2, 7
"/home/paradise/tiny-lsm/toml11/.clusterfuzzlite/README.md", "Markdown", 0, 0, 0, 2, 0, 0, 0, 0, 0, 2, 4
"/home/paradise/tiny-lsm/toml11/.clusterfuzzlite/build.sh", "Shell Script", 0, 4, 0, 0, 0, 0, 0, 0, 2, 1, 7
"/home/paradise/tiny-lsm/toml11/.clusterfuzzlite/parse_fuzzer.cpp", "C++", 8, 0, 0, 0, 0, 0, 0, 0, 0, 3, 11
"/home/paradise/tiny-lsm/toml11/.clusterfuzzlite/project.yaml", "YAML", 0, 0, 0, 0, 0, 1, 0, 0, 0, 1, 2
"/home/paradise/tiny-lsm/toml11/.github/workflows/document.yml", "YAML", 0, 0, 0, 0, 0, 30, 0, 0, 0, 3, 33
"/home/paradise/tiny-lsm/toml11/.github/workflows/fuzzing.yml", "YAML", 0, 0, 0, 0, 0, 27, 0, 0, 0, 4, 31
"/home/paradise/tiny-lsm/toml11/.github/workflows/main.yml", "YAML", 0, 0, 0, 0, 0, 205, 0, 0, 0, 9, 214
"/home/paradise/tiny-lsm/toml11/.github/workflows/single-include.yml", "YAML", 0, 0, 0, 0, 0, 31, 0, 0, 0, 3, 34
"/home/paradise/tiny-lsm/toml11/.github/workflows/toml-test.yml", "YAML", 0, 0, 0, 0, 0, 37, 0, 0, 1, 4, 42
"/home/paradise/tiny-lsm/toml11/CMakeLists.txt", "CMake", 0, 0, 0, 0, 75, 0, 0, 0, 0, 15, 90
"/home/paradise/tiny-lsm/toml11/README.md", "Markdown", 0, 0, 0, 553, 0, 0, 0, 0, 0, 160, 713
"/home/paradise/tiny-lsm/toml11/README_ja.md", "Markdown", 0, 0, 0, 551, 0, 0, 0, 0, 0, 160, 711
"/home/paradise/tiny-lsm/toml11/appveyor.yml", "YAML", 0, 0, 0, 0, 0, 35, 0, 0, 0, 7, 42
"/home/paradise/tiny-lsm/toml11/docs/content.en/_index.md", "Markdown", 0, 0, 0, 14, 0, 0, 0, 0, 0, 12, 26
"/home/paradise/tiny-lsm/toml11/docs/content.en/docs/changelog/_index.md", "Markdown", 0, 0, 0, 273, 0, 0, 0, 0, 0, 143, 416
"/home/paradise/tiny-lsm/toml11/docs/content.en/docs/features/_index.md", "Markdown", 0, 0, 0, 66, 0, 0, 0, 0, 0, 35, 101
"/home/paradise/tiny-lsm/toml11/docs/content.en/docs/features/configure_types.md", "Markdown", 0, 0, 0, 147, 0, 0, 0, 0, 0, 53, 200
"/home/paradise/tiny-lsm/toml11/docs/content.en/docs/features/error_message.md", "Markdown", 0, 0, 0, 161, 0, 0, 0, 0, 0, 52, 213
"/home/paradise/tiny-lsm/toml11/docs/content.en/docs/features/extension.md", "Markdown", 0, 0, 0, 82, 0, 0, 0, 0, 0, 43, 125
"/home/paradise/tiny-lsm/toml11/docs/content.en/docs/features/literal.md", "Markdown", 0, 0, 0, 64, 0, 0, 0, 0, 0, 29, 93
"/home/paradise/tiny-lsm/toml11/docs/content.en/docs/features/parsing_files.md", "Markdown", 0, 0, 0, 174, 0, 0, 0, 0, 0, 71, 245
"/home/paradise/tiny-lsm/toml11/docs/content.en/docs/features/serialize.md", "Markdown", 0, 0, 0, 133, 0, 0, 0, 0, 0, 66, 199
"/home/paradise/tiny-lsm/toml11/docs/content.en/docs/features/toml_spec.md", "Markdown", 0, 0, 0, 72, 0, 0, 0, 0, 0, 36, 108
"/home/paradise/tiny-lsm/toml11/docs/content.en/docs/features/value.md", "Markdown", 0, 0, 0, 647, 0, 0, 0, 0, 0, 263, 910
"/home/paradise/tiny-lsm/toml11/docs/content.en/docs/installation/_index.md", "Markdown", 0, 0, 0, 106, 0, 0, 0, 0, 0, 46, 152
"/home/paradise/tiny-lsm/toml11/docs/content.en/docs/reference/_index.md", "Markdown", 0, 0, 0, 65, 0, 0, 0, 0, 0, 58, 123
"/home/paradise/tiny-lsm/toml11/docs/content.en/docs/reference/color.md", "Markdown", 0, 0, 0, 110, 0, 0, 0, 0, 0, 38, 148
"/home/paradise/tiny-lsm/toml11/docs/content.en/docs/reference/comments.md", "Markdown", 0, 0, 0, 527, 0, 0, 0, 0, 0, 250, 777
"/home/paradise/tiny-lsm/toml11/docs/content.en/docs/reference/conversion.md", "Markdown", 0, 0, 0, 25, 0, 0, 0, 0, 0, 9, 34
"/home/paradise/tiny-lsm/toml11/docs/content.en/docs/reference/datetime.md", "Markdown", 0, 0, 0, 523, 0, 0, 0, 0, 0, 257, 780
"/home/paradise/tiny-lsm/toml11/docs/content.en/docs/reference/error_info.md", "Markdown", 0, 0, 0, 97, 0, 0, 0, 0, 0, 49, 146
"/home/paradise/tiny-lsm/toml11/docs/content.en/docs/reference/exception.md", "Markdown", 0, 0, 0, 29, 0, 0, 0, 0, 0, 12, 41
"/home/paradise/tiny-lsm/toml11/docs/content.en/docs/reference/find.md", "Markdown", 0, 0, 0, 162, 0, 0, 0, 0, 0, 83, 245
"/home/paradise/tiny-lsm/toml11/docs/content.en/docs/reference/format.md", "Markdown", 0, 0, 0, 475, 0, 0, 0, 0, 0, 190, 665
"/home/paradise/tiny-lsm/toml11/docs/content.en/docs/reference/from.md", "Markdown", 0, 0, 0, 42, 0, 0, 0, 0, 0, 15, 57
"/home/paradise/tiny-lsm/toml11/docs/content.en/docs/reference/get.md", "Markdown", 0, 0, 0, 281, 0, 0, 0, 0, 0, 147, 428
"/home/paradise/tiny-lsm/toml11/docs/content.en/docs/reference/into.md", "Markdown", 0, 0, 0, 44, 0, 0, 0, 0, 0, 15, 59
"/home/paradise/tiny-lsm/toml11/docs/content.en/docs/reference/literal.md", "Markdown", 0, 0, 0, 60, 0, 0, 0, 0, 0, 23, 83
"/home/paradise/tiny-lsm/toml11/docs/content.en/docs/reference/ordered_map.md", "Markdown", 0, 0, 0, 239, 0, 0, 0, 0, 0, 117, 356
"/home/paradise/tiny-lsm/toml11/docs/content.en/docs/reference/parser.md", "Markdown", 0, 0, 0, 268, 0, 0, 0, 0, 0, 116, 384
"/home/paradise/tiny-lsm/toml11/docs/content.en/docs/reference/result.md", "Markdown", 0, 0, 0, 360, 0, 0, 0, 0, 0, 159, 519
"/home/paradise/tiny-lsm/toml11/docs/content.en/docs/reference/serializer.md", "Markdown", 0, 0, 0, 48, 0, 0, 0, 0, 0, 18, 66
"/home/paradise/tiny-lsm/toml11/docs/content.en/docs/reference/source_location.md", "Markdown", 0, 0, 0, 157, 0, 0, 0, 0, 0, 79, 236
"/home/paradise/tiny-lsm/toml11/docs/content.en/docs/reference/spec.md", "Markdown", 0, 0, 0, 202, 0, 0, 0, 0, 0, 108, 310
"/home/paradise/tiny-lsm/toml11/docs/content.en/docs/reference/toml.md", "Markdown", 0, 0, 0, 9, 0, 0, 0, 0, 0, 5, 14
"/home/paradise/tiny-lsm/toml11/docs/content.en/docs/reference/toml_fwd.md", "Markdown", 0, 0, 0, 11, 0, 0, 0, 0, 0, 8, 19
"/home/paradise/tiny-lsm/toml11/docs/content.en/docs/reference/types.md", "Markdown", 0, 0, 0, 109, 0, 0, 0, 0, 0, 48, 157
"/home/paradise/tiny-lsm/toml11/docs/content.en/docs/reference/value.md", "Markdown", 0, 0, 0, 636, 0, 0, 0, 0, 0, 278, 914
"/home/paradise/tiny-lsm/toml11/docs/content.en/docs/reference/value_t.md", "Markdown", 0, 0, 0, 39, 0, 0, 0, 0, 0, 13, 52
"/home/paradise/tiny-lsm/toml11/docs/content.en/docs/reference/version.md", "Markdown", 0, 0, 0, 23, 0, 0, 0, 0, 0, 15, 38
"/home/paradise/tiny-lsm/toml11/docs/content.en/docs/reference/visit.md", "Markdown", 0, 0, 0, 46, 0, 0, 0, 0, 0, 16, 62
"/home/paradise/tiny-lsm/toml11/docs/content.ja/_index.md", "Markdown", 0, 0, 0, 14, 0, 0, 0, 0, 0, 12, 26
"/home/paradise/tiny-lsm/toml11/docs/content.ja/docs/changelog/_index.md", "Markdown", 0, 0, 0, 293, 0, 0, 0, 0, 0, 144, 437
"/home/paradise/tiny-lsm/toml11/docs/content.ja/docs/features/_index.md", "Markdown", 0, 0, 0, 66, 0, 0, 0, 0, 0, 36, 102
"/home/paradise/tiny-lsm/toml11/docs/content.ja/docs/features/configure_types.md", "Markdown", 0, 0, 0, 171, 0, 0, 0, 0, 0, 54, 225
"/home/paradise/tiny-lsm/toml11/docs/content.ja/docs/features/error_message.md", "Markdown", 0, 0, 0, 186, 0, 0, 0, 0, 0, 52, 238
"/home/paradise/tiny-lsm/toml11/docs/content.ja/docs/features/extension.md", "Markdown", 0, 0, 0, 94, 0, 0, 0, 0, 0, 43, 137
"/home/paradise/tiny-lsm/toml11/docs/content.ja/docs/features/literal.md", "Markdown", 0, 0, 0, 65, 0, 0, 0, 0, 0, 29, 94
"/home/paradise/tiny-lsm/toml11/docs/content.ja/docs/features/parsing_files.md", "Markdown", 0, 0, 0, 215, 0, 0, 0, 0, 0, 71, 286
"/home/paradise/tiny-lsm/toml11/docs/content.ja/docs/features/serialize.md", "Markdown", 0, 0, 0, 164, 0, 0, 0, 0, 0, 71, 235
"/home/paradise/tiny-lsm/toml11/docs/content.ja/docs/features/toml_spec.md", "Markdown", 0, 0, 0, 81, 0, 0, 0, 0, 0, 36, 117
"/home/paradise/tiny-lsm/toml11/docs/content.ja/docs/features/value.md", "Markdown", 0, 0, 0, 671, 0, 0, 0, 0, 0, 263, 934
"/home/paradise/tiny-lsm/toml11/docs/content.ja/docs/installation/_index.md", "Markdown", 0, 0, 0, 109, 0, 0, 0, 0, 0, 45, 154
"/home/paradise/tiny-lsm/toml11/docs/content.ja/docs/reference/_index.md", "Markdown", 0, 0, 0, 67, 0, 0, 0, 0, 0, 58, 125
"/home/paradise/tiny-lsm/toml11/docs/content.ja/docs/reference/color.md", "Markdown", 0, 0, 0, 113, 0, 0, 0, 0, 0, 38, 151
"/home/paradise/tiny-lsm/toml11/docs/content.ja/docs/reference/comments.md", "Markdown", 0, 0, 0, 525, 0, 0, 0, 0, 0, 249, 774
"/home/paradise/tiny-lsm/toml11/docs/content.ja/docs/reference/conversion.md", "Markdown", 0, 0, 0, 25, 0, 0, 0, 0, 0, 9, 34
"/home/paradise/tiny-lsm/toml11/docs/content.ja/docs/reference/datetime.md", "Markdown", 0, 0, 0, 523, 0, 0, 0, 0, 0, 257, 780
"/home/paradise/tiny-lsm/toml11/docs/content.ja/docs/reference/error_info.md", "Markdown", 0, 0, 0, 100, 0, 0, 0, 0, 0, 52, 152
"/home/paradise/tiny-lsm/toml11/docs/content.ja/docs/reference/exception.md", "Markdown", 0, 0, 0, 29, 0, 0, 0, 0, 0, 13, 42
"/home/paradise/tiny-lsm/toml11/docs/content.ja/docs/reference/find.md", "Markdown", 0, 0, 0, 169, 0, 0, 0, 0, 0, 83, 252
"/home/paradise/tiny-lsm/toml11/docs/content.ja/docs/reference/format.md", "Markdown", 0, 0, 0, 474, 0, 0, 0, 0, 0, 192, 666
"/home/paradise/tiny-lsm/toml11/docs/content.ja/docs/reference/from.md", "Markdown", 0, 0, 0, 42, 0, 0, 0, 0, 0, 14, 56
"/home/paradise/tiny-lsm/toml11/docs/content.ja/docs/reference/get.md", "Markdown", 0, 0, 0, 296, 0, 0, 0, 0, 0, 149, 445
"/home/paradise/tiny-lsm/toml11/docs/content.ja/docs/reference/into.md", "Markdown", 0, 0, 0, 44, 0, 0, 0, 0, 0, 14, 58
"/home/paradise/tiny-lsm/toml11/docs/content.ja/docs/reference/literal.md", "Markdown", 0, 0, 0, 61, 0, 0, 0, 0, 0, 23, 84
"/home/paradise/tiny-lsm/toml11/docs/content.ja/docs/reference/ordered_map.md", "Markdown", 0, 0, 0, 245, 0, 0, 0, 0, 0, 126, 371
"/home/paradise/tiny-lsm/toml11/docs/content.ja/docs/reference/parser.md", "Markdown", 0, 0, 0, 275, 0, 0, 0, 0, 0, 117, 392
"/home/paradise/tiny-lsm/toml11/docs/content.ja/docs/reference/result.md", "Markdown", 0, 0, 0, 367, 0, 0, 0, 0, 0, 163, 530
"/home/paradise/tiny-lsm/toml11/docs/content.ja/docs/reference/serializer.md", "Markdown", 0, 0, 0, 49, 0, 0, 0, 0, 0, 18, 67
"/home/paradise/tiny-lsm/toml11/docs/content.ja/docs/reference/source_location.md", "Markdown", 0, 0, 0, 156, 0, 0, 0, 0, 0, 78, 234
"/home/paradise/tiny-lsm/toml11/docs/content.ja/docs/reference/spec.md", "Markdown", 0, 0, 0, 207, 0, 0, 0, 0, 0, 108, 315
"/home/paradise/tiny-lsm/toml11/docs/content.ja/docs/reference/toml.md", "Markdown", 0, 0, 0, 9, 0, 0, 0, 0, 0, 6, 15
"/home/paradise/tiny-lsm/toml11/docs/content.ja/docs/reference/toml_fwd.md", "Markdown", 0, 0, 0, 16, 0, 0, 0, 0, 0, 9, 25
"/home/paradise/tiny-lsm/toml11/docs/content.ja/docs/reference/types.md", "Markdown", 0, 0, 0, 107, 0, 0, 0, 0, 0, 48, 155
"/home/paradise/tiny-lsm/toml11/docs/content.ja/docs/reference/value.md", "Markdown", 0, 0, 0, 635, 0, 0, 0, 0, 0, 279, 914
"/home/paradise/tiny-lsm/toml11/docs/content.ja/docs/reference/value_t.md", "Markdown", 0, 0, 0, 40, 0, 0, 0, 0, 0, 15, 55
"/home/paradise/tiny-lsm/toml11/docs/content.ja/docs/reference/version.md", "Markdown", 0, 0, 0, 23, 0, 0, 0, 0, 0, 15, 38
"/home/paradise/tiny-lsm/toml11/docs/content.ja/docs/reference/visit.md", "Markdown", 0, 0, 0, 46, 0, 0, 0, 0, 0, 18, 64
"/home/paradise/tiny-lsm/toml11/examples/CMakeLists.txt", "CMake", 0, 0, 0, 0, 6, 0, 0, 0, 0, 1, 7
"/home/paradise/tiny-lsm/toml11/examples/boost_container/CMakeLists.txt", "CMake", 0, 0, 0, 0, 7, 0, 0, 0, 0, 2, 9
"/home/paradise/tiny-lsm/toml11/examples/boost_container/README.md", "Markdown", 0, 0, 0, 8, 0, 0, 0, 0, 0, 6, 14
"/home/paradise/tiny-lsm/toml11/examples/boost_container/container.cpp", "C++", 37, 0, 0, 0, 0, 0, 0, 0, 0, 11, 48
"/home/paradise/tiny-lsm/toml11/examples/boost_multiprecision/CMakeLists.txt", "CMake", 0, 0, 0, 0, 7, 0, 0, 0, 0, 2, 9
"/home/paradise/tiny-lsm/toml11/examples/boost_multiprecision/README.md", "Markdown", 0, 0, 0, 8, 0, 0, 0, 0, 0, 6, 14
"/home/paradise/tiny-lsm/toml11/examples/boost_multiprecision/multiprecision.cpp", "C++", 44, 0, 0, 0, 0, 0, 0, 0, 0, 12, 56
"/home/paradise/tiny-lsm/toml11/examples/parse_file/CMakeLists.txt", "CMake", 0, 0, 0, 0, 16, 0, 0, 0, 0, 4, 20
"/home/paradise/tiny-lsm/toml11/examples/parse_file/array_example.cpp", "C++", 122, 0, 0, 0, 0, 0, 0, 0, 2, 29, 153
"/home/paradise/tiny-lsm/toml11/examples/parse_file/array_of_tables_example.cpp", "C++", 101, 0, 0, 0, 0, 0, 0, 0, 2, 33, 136
"/home/paradise/tiny-lsm/toml11/examples/parse_file/key_example.cpp", "C++", 54, 0, 0, 0, 0, 0, 0, 0, 2, 19, 75
"/home/paradise/tiny-lsm/toml11/examples/parse_file/spec_example.cpp", "C++", 66, 0, 0, 0, 0, 0, 0, 0, 2, 19, 87
"/home/paradise/tiny-lsm/toml11/examples/reflect/CMakeLists.txt", "CMake", 0, 0, 0, 0, 16, 0, 0, 0, 0, 3, 19
"/home/paradise/tiny-lsm/toml11/examples/reflect/README.md", "Markdown", 0, 0, 0, 8, 0, 0, 0, 0, 0, 6, 14
"/home/paradise/tiny-lsm/toml11/examples/reflect/reflect.cpp", "C++", 29, 0, 0, 0, 0, 0, 0, 0, 0, 10, 39
"/home/paradise/tiny-lsm/toml11/examples/reflect/reflect.hpp", "C++", 54, 0, 0, 0, 0, 0, 0, 0, 0, 8, 62
"/home/paradise/tiny-lsm/toml11/examples/u8string/CMakeLists.txt", "CMake", 0, 0, 0, 0, 5, 0, 0, 0, 0, 1, 6
"/home/paradise/tiny-lsm/toml11/examples/u8string/u8string.cpp", "C++", 93, 0, 0, 0, 0, 0, 0, 0, 3, 25, 121
"/home/paradise/tiny-lsm/toml11/examples/unicode/CMakeLists.txt", "CMake", 0, 0, 0, 0, 11, 0, 0, 0, 0, 5, 16
"/home/paradise/tiny-lsm/toml11/examples/unicode/README.md", "Markdown", 0, 0, 0, 9, 0, 0, 0, 0, 0, 7, 16
"/home/paradise/tiny-lsm/toml11/examples/unicode/canonicalize.cpp", "C++", 63, 0, 0, 0, 0, 0, 0, 0, 1, 16, 80
"/home/paradise/tiny-lsm/toml11/include/toml.hpp", "C++", 36, 0, 0, 0, 0, 0, 0, 0, 23, 4, 63
"/home/paradise/tiny-lsm/toml11/include/toml11/color.hpp", "C++", 7, 0, 0, 0, 0, 0, 0, 0, 0, 4, 11
"/home/paradise/tiny-lsm/toml11/include/toml11/comments.hpp", "C++", 7, 0, 0, 0, 0, 0, 0, 0, 0, 4, 11
"/home/paradise/tiny-lsm/toml11/include/toml11/compat.hpp", "C++", 680, 0, 0, 0, 0, 0, 0, 0, 23, 156, 859
"/home/paradise/tiny-lsm/toml11/include/toml11/context.hpp", "C++", 58, 0, 0, 0, 0, 0, 0, 0, 0, 17, 75
"/home/paradise/tiny-lsm/toml11/include/toml11/conversion.hpp", "C++", 158, 0, 0, 0, 0, 0, 0, 0, 23, 32, 213
"/home/paradise/tiny-lsm/toml11/include/toml11/datetime.hpp", "C++", 7, 0, 0, 0, 0, 0, 0, 0, 0, 4, 11
"/home/paradise/tiny-lsm/toml11/include/toml11/error_info.hpp", "C++", 7, 0, 0, 0, 0, 0, 0, 0, 0, 4, 11
"/home/paradise/tiny-lsm/toml11/include/toml11/exception.hpp", "C++", 17, 0, 0, 0, 0, 0, 0, 0, 0, 6, 23
"/home/paradise/tiny-lsm/toml11/include/toml11/find.hpp", "C++", 504, 0, 0, 0, 0, 0, 0, 0, 34, 55, 593
"/home/paradise/tiny-lsm/toml11/include/toml11/format.hpp", "C++", 7, 0, 0, 0, 0, 0, 0, 0, 0, 4, 11
"/home/paradise/tiny-lsm/toml11/include/toml11/from.hpp", "C++", 12, 0, 0, 0, 0, 0, 0, 0, 6, 4, 22
"/home/paradise/tiny-lsm/toml11/include/toml11/fwd/color_fwd.hpp", "C++", 76, 0, 0, 0, 0, 0, 0, 0, 2, 16, 94
"/home/paradise/tiny-lsm/toml11/include/toml11/fwd/comments_fwd.hpp", "C++", 345, 0, 0, 0, 0, 0, 0, 0, 39, 71, 455
"/home/paradise/tiny-lsm/toml11/include/toml11/fwd/datetime_fwd.hpp", "C++", 208, 0, 0, 0, 0, 0, 0, 0, 6, 53, 267
"/home/paradise/tiny-lsm/toml11/include/toml11/fwd/error_info_fwd.hpp", "C++", 78, 0, 0, 0, 0, 0, 0, 0, 3, 21, 102
"/home/paradise/tiny-lsm/toml11/include/toml11/fwd/format_fwd.hpp", "C++", 184, 0, 0, 0, 0, 0, 0, 0, 19, 53, 256
"/home/paradise/tiny-lsm/toml11/include/toml11/fwd/literal_fwd.hpp", "C++", 26, 0, 0, 0, 0, 0, 0, 0, 3, 8, 37
"/home/paradise/tiny-lsm/toml11/include/toml11/fwd/location_fwd.hpp", "C++", 118, 0, 0, 0, 0, 0, 0, 0, 4, 32, 154
"/home/paradise/tiny-lsm/toml11/include/toml11/fwd/region_fwd.hpp", "C++", 81, 0, 0, 0, 0, 0, 0, 0, 8, 26, 115
"/home/paradise/tiny-lsm/toml11/include/toml11/fwd/scanner_fwd.hpp", "C++", 253, 0, 0, 0, 0, 0, 0, 0, 12, 106, 371
"/home/paradise/tiny-lsm/toml11/include/toml11/fwd/source_location_fwd.hpp", "C++", 93, 0, 0, 0, 0, 0, 0, 0, 30, 30, 153
"/home/paradise/tiny-lsm/toml11/include/toml11/fwd/syntax_fwd.hpp", "C++", 285, 0, 0, 0, 0, 0, 0, 0, 31, 104, 420
"/home/paradise/tiny-lsm/toml11/include/toml11/fwd/value_t_fwd.hpp", "C++", 94, 0, 0, 0, 0, 0, 0, 0, 5, 23, 122
"/home/paradise/tiny-lsm/toml11/include/toml11/get.hpp", "C++", 490, 0, 0, 0, 0, 0, 0, 0, 85, 81, 656
"/home/paradise/tiny-lsm/toml11/include/toml11/impl/color_impl.hpp", "C++", 73, 0, 0, 0, 0, 0, 0, 0, 1, 6, 80
"/home/paradise/tiny-lsm/toml11/include/toml11/impl/comments_impl.hpp", "C++", 44, 0, 0, 0, 0, 0, 0, 0, 0, 7, 51
"/home/paradise/tiny-lsm/toml11/include/toml11/impl/datetime_impl.hpp", "C++", 436, 0, 0, 0, 0, 0, 0, 0, 34, 52, 522
"/home/paradise/tiny-lsm/toml11/include/toml11/impl/error_info_impl.hpp", "C++", 65, 0, 0, 0, 0, 0, 0, 0, 0, 15, 80
"/home/paradise/tiny-lsm/toml11/include/toml11/impl/format_impl.hpp", "C++", 256, 0, 0, 0, 0, 0, 0, 0, 15, 30, 301
"/home/paradise/tiny-lsm/toml11/include/toml11/impl/literal_impl.hpp", "C++", 127, 0, 0, 0, 0, 0, 0, 0, 30, 22, 179
"/home/paradise/tiny-lsm/toml11/include/toml11/impl/location_impl.hpp", "C++", 188, 0, 0, 0, 0, 0, 0, 0, 0, 25, 213
"/home/paradise/tiny-lsm/toml11/include/toml11/impl/region_impl.hpp", "C++", 186, 0, 0, 0, 0, 0, 0, 0, 34, 31, 251
"/home/paradise/tiny-lsm/toml11/include/toml11/impl/scanner_impl.hpp", "C++", 402, 0, 0, 0, 0, 0, 0, 0, 16, 59, 477
"/home/paradise/tiny-lsm/toml11/include/toml11/impl/source_location_impl.hpp", "C++", 184, 0, 0, 0, 0, 0, 0, 0, 7, 25, 216
"/home/paradise/tiny-lsm/toml11/include/toml11/impl/syntax_impl.hpp", "C++", 746, 0, 0, 0, 0, 0, 0, 0, 57, 91, 894
"/home/paradise/tiny-lsm/toml11/include/toml11/impl/value_t_impl.hpp", "C++", 38, 0, 0, 0, 0, 0, 0, 0, 0, 7, 45
"/home/paradise/tiny-lsm/toml11/include/toml11/into.hpp", "C++", 12, 0, 0, 0, 0, 0, 0, 0, 6, 4, 22
"/home/paradise/tiny-lsm/toml11/include/toml11/literal.hpp", "C++", 7, 0, 0, 0, 0, 0, 0, 0, 0, 4, 11
"/home/paradise/tiny-lsm/toml11/include/toml11/location.hpp", "C++", 7, 0, 0, 0, 0, 0, 0, 0, 0, 4, 11
"/home/paradise/tiny-lsm/toml11/include/toml11/ordered_map.hpp", "C++", 260, 0, 0, 0, 0, 0, 0, 0, 0, 37, 297
"/home/paradise/tiny-lsm/toml11/include/toml11/parser.hpp", "C++", 2983, 0, 0, 0, 0, 0, 0, 0, 414, 442, 3839
"/home/paradise/tiny-lsm/toml11/include/toml11/region.hpp", "C++", 7, 0, 0, 0, 0, 0, 0, 0, 0, 4, 11
"/home/paradise/tiny-lsm/toml11/include/toml11/result.hpp", "C++", 411, 0, 0, 0, 0, 0, 0, 0, 9, 71, 491
"/home/paradise/tiny-lsm/toml11/include/toml11/scanner.hpp", "C++", 7, 0, 0, 0, 0, 0, 0, 0, 0, 4, 11
"/home/paradise/tiny-lsm/toml11/include/toml11/serializer.hpp", "C++", 1136, 0, 0, 0, 0, 0, 0, 0, 45, 102, 1283
"/home/paradise/tiny-lsm/toml11/include/toml11/skip.hpp", "C++", 348, 0, 0, 0, 0, 0, 0, 0, 26, 26, 400
"/home/paradise/tiny-lsm/toml11/include/toml11/source_location.hpp", "C++", 7, 0, 0, 0, 0, 0, 0, 0, 0, 4, 11
"/home/paradise/tiny-lsm/toml11/include/toml11/spec.hpp", "C++", 153, 0, 0, 0, 0, 0, 0, 0, 2, 20, 175
"/home/paradise/tiny-lsm/toml11/include/toml11/storage.hpp", "C++", 33, 0, 0, 0, 0, 0, 0, 0, 10, 11, 54
"/home/paradise/tiny-lsm/toml11/include/toml11/syntax.hpp", "C++", 7, 0, 0, 0, 0, 0, 0, 0, 0, 4, 11
"/home/paradise/tiny-lsm/toml11/include/toml11/traits.hpp", "C++", 229, 0, 0, 0, 0, 0, 0, 0, 6, 36, 271
"/home/paradise/tiny-lsm/toml11/include/toml11/types.hpp", "C++", 324, 0, 0, 0, 0, 0, 0, 0, 13, 45, 382
"/home/paradise/tiny-lsm/toml11/include/toml11/utility.hpp", "C++", 147, 0, 0, 0, 0, 0, 0, 0, 7, 21, 175
"/home/paradise/tiny-lsm/toml11/include/toml11/value.hpp", "C++", 2245, 0, 0, 0, 0, 0, 0, 0, 85, 184, 2514
"/home/paradise/tiny-lsm/toml11/include/toml11/value_t.hpp", "C++", 7, 0, 0, 0, 0, 0, 0, 0, 0, 4, 11
"/home/paradise/tiny-lsm/toml11/include/toml11/version.hpp", "C++", 94, 0, 0, 0, 0, 0, 0, 0, 22, 28, 144
"/home/paradise/tiny-lsm/toml11/include/toml11/visit.hpp", "C++", 123, 0, 0, 0, 0, 0, 0, 0, 0, 18, 141
"/home/paradise/tiny-lsm/toml11/include/toml_fwd.hpp", "C++", 69, 0, 0, 0, 0, 0, 0, 0, 2, 21, 92
"/home/paradise/tiny-lsm/toml11/single_include/toml.hpp", "C++", 14929, 0, 0, 0, 0, 0, 0, 0, 1195, 2304, 18428
"/home/paradise/tiny-lsm/toml11/src/CMakeLists.txt", "CMake", 0, 0, 0, 0, 183, 0, 0, 0, 0, 14, 197
"/home/paradise/tiny-lsm/toml11/src/color.cpp", "C++", 4, 0, 0, 0, 0, 0, 0, 0, 0, 2, 6
"/home/paradise/tiny-lsm/toml11/src/comments.cpp", "C++", 4, 0, 0, 0, 0, 0, 0, 0, 0, 2, 6
"/home/paradise/tiny-lsm/toml11/src/context.cpp", "C++", 17, 0, 0, 0, 0, 0, 0, 0, 0, 3, 20
"/home/paradise/tiny-lsm/toml11/src/datetime.cpp", "C++", 4, 0, 0, 0, 0, 0, 0, 0, 0, 2, 6
"/home/paradise/tiny-lsm/toml11/src/error_info.cpp", "C++", 4, 0, 0, 0, 0, 0, 0, 0, 0, 2, 6
"/home/paradise/tiny-lsm/toml11/src/format.cpp", "C++", 4, 0, 0, 0, 0, 0, 0, 0, 0, 2, 6
"/home/paradise/tiny-lsm/toml11/src/literal.cpp", "C++", 4, 0, 0, 0, 0, 0, 0, 0, 0, 2, 6
"/home/paradise/tiny-lsm/toml11/src/location.cpp", "C++", 4, 0, 0, 0, 0, 0, 0, 0, 0, 2, 6
"/home/paradise/tiny-lsm/toml11/src/parser.cpp", "C++", 38, 0, 0, 0, 0, 0, 0, 0, 0, 9, 47
"/home/paradise/tiny-lsm/toml11/src/region.cpp", "C++", 4, 0, 0, 0, 0, 0, 0, 0, 0, 2, 6
"/home/paradise/tiny-lsm/toml11/src/scanner.cpp", "C++", 4, 0, 0, 0, 0, 0, 0, 0, 0, 2, 6
"/home/paradise/tiny-lsm/toml11/src/serializer.cpp", "C++", 35, 0, 0, 0, 0, 0, 0, 0, 0, 10, 45
"/home/paradise/tiny-lsm/toml11/src/skip.cpp", "C++", 36, 0, 0, 0, 0, 0, 0, 0, 0, 6, 42
"/home/paradise/tiny-lsm/toml11/src/source_location.cpp", "C++", 4, 0, 0, 0, 0, 0, 0, 0, 0, 2, 6
"/home/paradise/tiny-lsm/toml11/src/syntax.cpp", "C++", 4, 0, 0, 0, 0, 0, 0, 0, 0, 2, 6
"/home/paradise/tiny-lsm/toml11/src/types.cpp", "C++", 14, 0, 0, 0, 0, 0, 0, 0, 0, 3, 17
"/home/paradise/tiny-lsm/toml11/src/value_t.cpp", "C++", 4, 0, 0, 0, 0, 0, 0, 0, 0, 2, 6
"/home/paradise/tiny-lsm/toml11/tests/CMakeLists.txt", "CMake", 0, 0, 0, 0, 179, 0, 0, 0, 0, 8, 187
"/home/paradise/tiny-lsm/toml11/tests/test_accessed.cpp", "C++", 58, 0, 0, 0, 0, 0, 0, 0, 0, 19, 77
"/home/paradise/tiny-lsm/toml11/tests/test_comments.cpp", "C++", 17, 0, 0, 0, 0, 0, 0, 0, 0, 5, 22
"/home/paradise/tiny-lsm/toml11/tests/test_datetime.cpp", "C++", 98, 0, 0, 0, 0, 0, 0, 0, 0, 21, 119
"/home/paradise/tiny-lsm/toml11/tests/test_error_message.cpp", "C++", 66, 0, 0, 0, 0, 0, 0, 0, 0, 14, 80
"/home/paradise/tiny-lsm/toml11/tests/test_find.cpp", "C++", 894, 0, 0, 0, 0, 0, 0, 0, 51, 163, 1108
"/home/paradise/tiny-lsm/toml11/tests/test_find_or.cpp", "C++", 654, 0, 0, 0, 0, 0, 0, 0, 10, 95, 759
"/home/paradise/tiny-lsm/toml11/tests/test_format_floating.cpp", "C++", 124, 0, 0, 0, 0, 0, 0, 0, 0, 20, 144
"/home/paradise/tiny-lsm/toml11/tests/test_format_integer.cpp", "C++", 96, 0, 0, 0, 0, 0, 0, 0, 0, 16, 112
"/home/paradise/tiny-lsm/toml11/tests/test_format_table.cpp", "C++", 61, 0, 0, 0, 0, 0, 0, 0, 0, 18, 79
"/home/paradise/tiny-lsm/toml11/tests/test_get.cpp", "C++", 491, 0, 0, 0, 0, 0, 0, 0, 7, 84, 582
"/home/paradise/tiny-lsm/toml11/tests/test_get_or.cpp", "C++", 310, 0, 0, 0, 0, 0, 0, 0, 0, 38, 348
"/home/paradise/tiny-lsm/toml11/tests/test_literal.cpp", "C++", 112, 0, 0, 0, 0, 0, 0, 0, 0, 11, 123
"/home/paradise/tiny-lsm/toml11/tests/test_location.cpp", "C++", 50, 0, 0, 0, 0, 0, 0, 0, 0, 14, 64
"/home/paradise/tiny-lsm/toml11/tests/test_parse.cpp", "C++", 36, 0, 0, 0, 0, 0, 0, 0, 0, 15, 51
"/home/paradise/tiny-lsm/toml11/tests/test_parse_array.cpp", "C++", 120, 0, 0, 0, 0, 0, 0, 0, 3, 20, 143
"/home/paradise/tiny-lsm/toml11/tests/test_parse_boolean.cpp", "C++", 34, 0, 0, 0, 0, 0, 0, 0, 0, 11, 45
"/home/paradise/tiny-lsm/toml11/tests/test_parse_datetime.cpp", "C++", 270, 0, 0, 0, 0, 0, 0, 0, 0, 38, 308
"/home/paradise/tiny-lsm/toml11/tests/test_parse_floating.cpp", "C++", 143, 0, 0, 0, 0, 0, 0, 0, 0, 25, 168
"/home/paradise/tiny-lsm/toml11/tests/test_parse_inline_table.cpp", "C++", 111, 0, 0, 0, 0, 0, 0, 0, 6, 26, 143
"/home/paradise/tiny-lsm/toml11/tests/test_parse_integer.cpp", "C++", 137, 0, 0, 0, 0, 0, 0, 0, 1, 16, 154
"/home/paradise/tiny-lsm/toml11/tests/test_parse_null.cpp", "C++", 70, 0, 0, 0, 0, 0, 0, 0, 0, 21, 91
"/home/paradise/tiny-lsm/toml11/tests/test_parse_string.cpp", "C++", 216, 0, 0, 0, 0, 0, 0, 0, 18, 39, 273
"/home/paradise/tiny-lsm/toml11/tests/test_parse_table.cpp", "C++", 131, 0, 0, 0, 0, 0, 0, 0, 0, 35, 166
"/home/paradise/tiny-lsm/toml11/tests/test_parse_table_keys.cpp", "C++", 86, 0, 0, 0, 0, 0, 0, 0, 0, 20, 106
"/home/paradise/tiny-lsm/toml11/tests/test_result.cpp", "C++", 134, 0, 0, 0, 0, 0, 0, 0, 0, 15, 149
"/home/paradise/tiny-lsm/toml11/tests/test_scanner.cpp", "C++", 132, 0, 0, 0, 0, 0, 0, 0, 0, 39, 171
"/home/paradise/tiny-lsm/toml11/tests/test_serialize.cpp", "C++", 103, 0, 0, 0, 0, 0, 0, 0, 6, 42, 151
"/home/paradise/tiny-lsm/toml11/tests/test_spec.cpp", "C++", 48, 0, 0, 0, 0, 0, 0, 0, 0, 11, 59
"/home/paradise/tiny-lsm/toml11/tests/test_storage.cpp", "C++", 53, 0, 0, 0, 0, 0, 0, 0, 0, 26, 79
"/home/paradise/tiny-lsm/toml11/tests/test_syntax_boolean.cpp", "C++", 22, 0, 0, 0, 0, 0, 0, 0, 0, 7, 29
"/home/paradise/tiny-lsm/toml11/tests/test_syntax_comment.cpp", "C++", 12, 0, 0, 0, 0, 0, 0, 0, 0, 5, 17
"/home/paradise/tiny-lsm/toml11/tests/test_syntax_datetime.cpp", "C++", 116, 0, 0, 0, 0, 0, 0, 0, 0, 21, 137
"/home/paradise/tiny-lsm/toml11/tests/test_syntax_floating.cpp", "C++", 84, 0, 0, 0, 0, 0, 0, 0, 2, 14, 100
"/home/paradise/tiny-lsm/toml11/tests/test_syntax_integer.cpp", "C++", 92, 0, 0, 0, 0, 0, 0, 0, 0, 26, 118
"/home/paradise/tiny-lsm/toml11/tests/test_syntax_key.cpp", "C++", 38, 0, 0, 0, 0, 0, 0, 0, 1, 11, 50
"/home/paradise/tiny-lsm/toml11/tests/test_syntax_string.cpp", "C++", 104, 0, 0, 0, 0, 0, 0, 0, 0, 22, 126
"/home/paradise/tiny-lsm/toml11/tests/test_traits.cpp", "C++", 78, 0, 0, 0, 0, 0, 0, 0, 0, 12, 90
"/home/paradise/tiny-lsm/toml11/tests/test_types.cpp", "C++", 122, 0, 0, 0, 0, 0, 0, 0, 0, 16, 138
"/home/paradise/tiny-lsm/toml11/tests/test_user_defined_conversion.cpp", "C++", 638, 0, 0, 0, 0, 0, 0, 0, 8, 122, 768
"/home/paradise/tiny-lsm/toml11/tests/test_utility.cpp", "C++", 134, 0, 0, 0, 0, 0, 0, 0, 6, 31, 171
"/home/paradise/tiny-lsm/toml11/tests/test_value.cpp", "C++", 941, 0, 0, 0, 0, 0, 0, 0, 42, 316, 1299
"/home/paradise/tiny-lsm/toml11/tests/test_visit.cpp", "C++", 150, 0, 0, 0, 0, 0, 0, 0, 0, 12, 162
"/home/paradise/tiny-lsm/toml11/tests/to_json.cpp", "C++", 145, 0, 0, 0, 0, 0, 0, 0, 6, 11, 162
"/home/paradise/tiny-lsm/toml11/tests/to_toml.cpp", "C++", 109, 0, 0, 0, 0, 0, 0, 0, 1, 6, 116
"/home/paradise/tiny-lsm/toml11/tests/utility.cpp", "C++", 101, 0, 0, 0, 0, 0, 0, 0, 0, 8, 109
"/home/paradise/tiny-lsm/toml11/tests/utility.hpp", "C++", 84, 0, 0, 0, 0, 0, 0, 0, 0, 20, 104
"/home/paradise/tiny-lsm/toml11/tools/expand/README.md", "Markdown", 0, 0, 0, 10, 0, 0, 0, 0, 0, 5, 15
"/home/paradise/tiny-lsm/toml11/tools/expand/main.cpp", "C++", 248, 0, 0, 0, 0, 0, 0, 0, 18, 45, 311
"/home/paradise/tiny-lsm/xmake.lua", "XMake", 0, 0, 0, 0, 0, 0, 0, 236, 9, 45, 290
"Total", "-", 61649, 11, 140, 15004, 505, 366, 5, 236, 5495, 17436, 100847